hg1cli90,1clicktelecom.br
hg2qua27,2qualis.com
savecom1,4save.com.br
aacapaul,aacapaulodetarso.com.br
adailt87,adailtoncruz.com.br
adrianaj,adrianajokinen.com
advo4376,advocaciaabade.com.br
agend783,agendadotango.com.br
agrope97,agropecalveslima.com.br
agrop271,agropecuariacremonesi.com.br
agrop603,agropecuariaseverinoleli.com.br
ajbco315,ajbcontabilidade.com.br
akiwor81,akiworker.com
altect69,altectecnologia.com.br
americoc,americoconsultoria.com
andrem76,andremolinoadv.com
aprend36,aprendendoebrincando.com.br
armazems,armazemsantabarbara.com.br
arquivod,arquivodigital.info
ateli429,atelierarigoroliveira.com.br
atel7225,atelievithoria.com.br
barbiel1,barbiellini.com.br
bencas79,bencasscalcados.com.br
bodyconc,bodyconceptgalleria.com.br
brvend24,brvendas.com.br
cadadt59,cadadterapia.com.br
capit923,capitalizatv.com.br
capsul00,capsulares.com.br
cartei99,carteiradigitalnet.com
cestas51,cestasbh.com.br
cgaemp63,cgaempreiteira.com.br
ckars279,ckars.com.br
claze034,clazer.com.br
clin3178,clinicalgm.com.br
clini217,clinicamedplus.com.br
cmauto76,cmautopecas.com.br
cnhfac07,cnhfacilitada.com.br
combdc82,combd.com.br
cons7644,consultorialojadesucesso.com
cont2256,contabilidadebicego.com.br
cont4858,contabilidadedoprado.com.br
cont8338,contabilidadetorales.com.br
contem98,contemplepersonalizados.com.br
corban76,corbanet.com.br
crimino1,criminologiaforense.com.br
daian609,daianemarques.com.br
dancar84,dancartt.com.br
daquia20,daquiapoucoadvogada.com
dia15660,diariodeumagirafinha.com.br
dicasd28,dicasdeconstrucaoereforma.com.br
dicoraca,dicoracaofestasinfantis.com.br
digico75,digicollor.com
domici67,domiciojs.com.br
duttybra,duttybrasil.com
econof41,econofisco.com.br
empo891,emporiogv.com.br
empr0999,empresasics.com
encon196,encontreprofissionais.com.br
encon430,encontreseudestino.com.br
equivoca,equivocarevista.com.br
esfera33,esferaconsorcio.com.br
espac342,espacomovi.com.br
esporte4,esporteaquatico.com.br
estet629,esteticaesorriso.com.br
fabios10,fabiosabalo.com.br
ferreir8,ferreiraebrito.com
flausi33,flausininho70.com
flexcon4,flexcontent.co
gabr4358,gabrieldebonito12345.com.br
geovame2,geovamendesadv.com.br
gestar86,gestarcomamor.com.br
gmprodu1,gm4produtos.com.br
gmtmed21,gmtmedeirosconstrucoes.com.br
guardare,guardaredesdeprotecao.com.br
gximpo40,gximports.com
headsh22,headshotstore.com.br
helers59,helersonsilva.life
helloki1,hellokids.com.br
hortif08,hortifrutinilta.com
icmcindb,icmc.ind.br
igrejasg,igrejasgrandeflorianopolis.com.br
ilagca29,ilagcafe.com.br
illase57,illasemijoias.com
inmass65,inmasse.com.br
inves859,investesegurobrasil.com
isador91,isadoraandrade.com
isaem450,isaemel.com.br
itable81,itable.com.br
itzali47,itzalimentos.com.br
jarau921,jarautomotivo.com.br
jcmcfjog,jcmcfjogos.com.br
juntas67,juntasnaestrada.com
kanim106,kanime.com.br
kellen66,kellennatana.com.br
kidsfune,kidsfuneventos.site
kilomb76,kilombus-store.com.br
krakengh,kraken-gh.com
krhigies,krhigiestofados.com
lagosr77,lagosrandonneurs.com
leand433,leandrofonsecaoficial.com.br
lekape82,lekapersonalizados.com.br
libert03,liberttrip.com.br
lifeco01,lifecosmeticoanimal.com
litera78,literarium.com.br
lojata43,lojatarantulacaricaturas.com.br
lucasc95,lucascunha33.com.br
lupeis37,lupeisaude.com
luzconsu,luzconsultoriaamiga.com.br
lvassess,lvassessoriaempresarial.com.br
malibu15,malibupapelariaearmarinho.com.br
maluco10,malucobelezaosasco.com.br
manga125,mangarosasemijoias.com
marce898,marcellefarah.com
marcon70,marcondesjunior.com.br
marilia3,mariliacalacio.com.br
marque47,marquezadvogado.com.br
maste133,mastersboy.com.br
mechyp33,mechype.com
ment0634,mentoriavendaimediata.com
merak180,merakimediagroup.com.br
mestrin1,mestrinergestaodeconflitos.com.br
meupes91,meupesodefinitivo.com
minoru46,minorukinpara.com.br
msterg34,mstergrams.life
mxconsul,mxconsultoriavias.com.br
nenrikid,nenrikidelivery.com.br
niltah98,niltahortifruti.com
noite390,noiteblackwhite.com
notred14,notredame.store
ntmedi20,ntmedianeira.wordpress.com
oalqui12,oalquimistabr.com
ocanal21,ocanalonline.com.br
odon2142,odontologiabeneditomachado.com.br
odon9093,odontologiasantosgarcia.com.br
odont929,odontologiastefanini.com.br
odon1729,odontologiazampieri.com.br
ondeven1,ondevenderouro.com
oparc530,oparca.com.br
ordemda1,ordemdafenixmotogrupo.com.br
pamellan,pamellanogueira.com.br
pangro93,pangrocha.com.br
pcproi23,pcproinformatica.com.br
pensem75,pensemaisquadros.com.br
petdona1,petdonalds.com.br
petsho19,petshopbodocarvalho.com.br
petsh931,petshopmarchioni.com.br
petsh613,petshopoliveiratoni.com.br
petsho97,petshopribeirodecarvalho.com.br
piment47,pimentadocelar.life
pneusloj,pneuslojaguedes.com.br
porto637,portodegalinhastur.com
preven15,prevenirbelem.com.br
prosp803,prospectmarketing.com.br
psicof54,psicofernanda.com.br
queru791,querubins.com.br
radioa48,radioantenaesportiva.com
rastra42,rastrarconnected.com.br
re9vei55,re9veiculos.com.br
recintoa,recintoaduaneiro.com.br
renana53,renanalmeidacoach .com
rena3769,renatajdacostaadvocacia.com.br
renego06,renegocieaymore.online
restit18,restituicaoneves.com.br
retoqcon,retoqconstrucoes.com.br
rinite95,rinite-nunca-mais.com.br
robso993,robsonoliveira.net.br
rocklabp,rocklab.ppg.br
roupas97,roupasdaschagas.com.br
santacos,santa-costela.com
santaa46,santaamaliastore.com.br
segre848,segredodabolsadevalores.com.br
skylux11,skyluxtegracentro.com
skylux27,skyluxtegraincorporacao.com.br
speria83,speriadvogados.com.br
srv01l02,srv01.life
ss4ex587,ss4express.com.br
supleme3,suplementoaqui.com.br
supremab,supremabrasil.com
teste714,teste123456.com
hgte8515,testeasspen.life
thechr12,thechristianpatriotsarsenal.com
trico435,tricotinart.com.br
tripul30,tripulantesbrasil.com.br
tvgopla1,tvgoplay.com
uniquee1,uniqueexport.com.br
update67,updatetelecom.com.br
upservic,upservicosinteligentes.com.br
valledo1,valledosmeeples.com
vander14,vanderliferreira.com.br
vasqui68,vasquinhogama.com.br
verea296,vereadorfelipemartins.com
viabin40,viabinario.com.br
vimach16,vimachado.com.br
virtu148,virtualsexshop.net
vitaqui1,vitaquitanda.com.br
vitor663,vitoriafrio.com
viverpel,viverpelainternetagora.com
wctsul40,wctsul.live
wiikin46,wiikings.com.br
hgwwwb35,wwwbdcaricanecas.com.br
yeshopco,yeshop.com.br
yokinclu,yokinclub.com
embala95,embalaja.com.br
essenc49,essenciasdiretodafabrica.com.br
estac184,estacaodasfitas.com.br
karole10,karoleiamais.com.br
hg2m4612,2m4a.com.br
loenpa27,loenpatentes.com
mulh2780,mulheresdistintas.com.br
ovirtu51,ovirtual.com.br
vitr6761,vitrine2.com.br
acaixo95,acaixola.com.br
bassie58,bassiengenharia.com
betume34,betumetecnologia.com.br
bordan92,bordandocomaro.com.br
coloca12,colocanalista.com.br
comuni01,comunicaballoon.com.br
conectak,conectaki.com.br
divas204,divasemmissao.blog.br
enemsi81,enemsimulado.com
higli526,higlimpms.com
insert79,insertcomunicacaodigital.com.br
lorena00,lorenasoares.com.br
maxmot14,maxmota.com.br
mitsub88,mitsubishimais.com.br
moinho63,moinhodevendas.com
moviep99,movieplexbrasil.com
swinfo57,swinfor.com
unobso48,unobsoletable.com
zestcon1,zestcontabilidade.com.br
